,AU,BP,SE.AU,SE.BP,pchi,v,c
0,1.0,1.0,0.0,0.0,0.0,0.0,0.0
1,0.7136065064251567,0.5371111689265993,0.08287243350187652,0.016392939325270764,0.9976762137320911,-0.3285551001652324,0.23539662405872702
2,0.5393082625612522,0.5405104928219618,0.09666045603654469,0.01637259629202283,0.9645832152730152,-0.10020553303607514,-0.0015143566387286105
3,0.5315597983849627,0.23937381623612441,0.10746218928092231,0.014025877521436135,0.9989008073531229,0.31456344767254557,0.39375482464771755
4,0.7733006259118345,0.4713872866672534,0.0740968269689224,0.016403793299491393,0.9395850589493734,-0.3389889099498475,0.4107719459064879
5,1.0,1.0,0.0,0.0,0.0,0.0,0.0
