G1,G2,coup,1-F
0,3,2.9039,1.0
0,6,2.88422,1.0
1,4,2.91104,1.0
1,7,2.94318,1.0
3,6,2.90093,1.0
4,7,2.92995,1.0
