G1,G2,coup,1-F
0,1,2.63208,1.0
0,2,2.5416,1.0
0,3,2.77942,1.0
0,6,2.71586,1.0
1,2,2.51562,1.0
1,4,2.63838,1.0
1,7,2.70014,1.0
2,5,2.5141,1.0
2,8,2.46828,1.0
3,4,2.56307,1.0
3,5,2.78032,1.0
3,6,2.76642,1.0
4,5,2.54102,1.0
4,7,2.55151,1.0
5,8,2.38215,1.0
6,7,2.77543,1.0
6,8,2.57463,1.0
7,8,2.54058,1.0
